<?xml version="1.0" encoding="UTF-8"?>
<root>
  <item name="com.ziggeo.androidsdk.IZiggeo void setPreferredCameraFacing(int) 0">
    <annotation name="android.support.annotation.IntDef">
      <val name="value" val="{com.ziggeo.androidsdk.widgets.cameraview.CameraView.FACING_BACK, com.ziggeo.androidsdk.widgets.cameraview.CameraView.FACING_FRONT}" />
    </annotation>
  </item>
  <item name="com.ziggeo.androidsdk.IZiggeo void setPreferredQuality(int) 0">
    <annotation name="android.support.annotation.IntDef">
      <val name="value" val="{com.ziggeo.androidsdk.widgets.cameraview.CameraView.QUALITY_HIGH, com.ziggeo.androidsdk.widgets.cameraview.CameraView.QUALITY_MEDIUM, com.ziggeo.androidsdk.widgets.cameraview.CameraView.QUALITY_LOW}" />
    </annotation>
  </item>
  <item name="com.ziggeo.androidsdk.Ziggeo mPreferredCameraFacing">
    <annotation name="android.support.annotation.IntDef">
      <val name="value" val="{com.ziggeo.androidsdk.widgets.cameraview.CameraView.FACING_BACK, com.ziggeo.androidsdk.widgets.cameraview.CameraView.FACING_FRONT}" />
    </annotation>
  </item>
  <item name="com.ziggeo.androidsdk.Ziggeo mPreferredVideoQuality">
    <annotation name="android.support.annotation.IntDef">
      <val name="value" val="{com.ziggeo.androidsdk.widgets.cameraview.CameraView.QUALITY_HIGH, com.ziggeo.androidsdk.widgets.cameraview.CameraView.QUALITY_MEDIUM, com.ziggeo.androidsdk.widgets.cameraview.CameraView.QUALITY_LOW}" />
    </annotation>
  </item>
  <item name="com.ziggeo.androidsdk.Ziggeo void setPreferredCameraFacing(int) 0">
    <annotation name="android.support.annotation.IntDef">
      <val name="value" val="{com.ziggeo.androidsdk.widgets.cameraview.CameraView.FACING_BACK, com.ziggeo.androidsdk.widgets.cameraview.CameraView.FACING_FRONT}" />
    </annotation>
  </item>
  <item name="com.ziggeo.androidsdk.Ziggeo void setPreferredQuality(int) 0">
    <annotation name="android.support.annotation.IntDef">
      <val name="value" val="{com.ziggeo.androidsdk.widgets.cameraview.CameraView.QUALITY_HIGH, com.ziggeo.androidsdk.widgets.cameraview.CameraView.QUALITY_MEDIUM, com.ziggeo.androidsdk.widgets.cameraview.CameraView.QUALITY_LOW}" />
    </annotation>
  </item>
</root>

