<?xml version="1.0" encoding="UTF-8"?>
<root>
  <item name="com.ziggeo.androidsdk.widgets.cameraview.CameraView int getFacing()">
    <annotation name="android.support.annotation.IntDef">
      <val name="value" val="{com.ziggeo.androidsdk.widgets.cameraview.CameraView.FACING_BACK, com.ziggeo.androidsdk.widgets.cameraview.CameraView.FACING_FRONT}" />
    </annotation>
  </item>
  <item name="com.ziggeo.androidsdk.widgets.cameraview.CameraView int getFlash()">
    <annotation name="android.support.annotation.IntDef">
      <val name="value" val="{com.ziggeo.androidsdk.widgets.cameraview.CameraView.FLASH_OFF, com.ziggeo.androidsdk.widgets.cameraview.CameraView.FLASH_ON, com.ziggeo.androidsdk.widgets.cameraview.CameraView.FLASH_TORCH, com.ziggeo.androidsdk.widgets.cameraview.CameraView.FLASH_AUTO, com.ziggeo.androidsdk.widgets.cameraview.CameraView.FLASH_RED_EYE}" />
    </annotation>
  </item>
  <item name="com.ziggeo.androidsdk.widgets.cameraview.CameraView int getQuality()">
    <annotation name="android.support.annotation.IntDef">
      <val name="value" val="{com.ziggeo.androidsdk.widgets.cameraview.CameraView.QUALITY_HIGH, com.ziggeo.androidsdk.widgets.cameraview.CameraView.QUALITY_MEDIUM, com.ziggeo.androidsdk.widgets.cameraview.CameraView.QUALITY_LOW}" />
    </annotation>
  </item>
  <item name="com.ziggeo.androidsdk.widgets.cameraview.CameraView void setFacing(int) 0">
    <annotation name="android.support.annotation.IntDef">
      <val name="value" val="{com.ziggeo.androidsdk.widgets.cameraview.CameraView.FACING_BACK, com.ziggeo.androidsdk.widgets.cameraview.CameraView.FACING_FRONT}" />
    </annotation>
  </item>
  <item name="com.ziggeo.androidsdk.widgets.cameraview.CameraView void setFlash(int) 0">
    <annotation name="android.support.annotation.IntDef">
      <val name="value" val="{com.ziggeo.androidsdk.widgets.cameraview.CameraView.FLASH_OFF, com.ziggeo.androidsdk.widgets.cameraview.CameraView.FLASH_ON, com.ziggeo.androidsdk.widgets.cameraview.CameraView.FLASH_TORCH, com.ziggeo.androidsdk.widgets.cameraview.CameraView.FLASH_AUTO, com.ziggeo.androidsdk.widgets.cameraview.CameraView.FLASH_RED_EYE}" />
    </annotation>
  </item>
  <item name="com.ziggeo.androidsdk.widgets.cameraview.CameraView void setQuality(int) 0">
    <annotation name="android.support.annotation.IntDef">
      <val name="value" val="{com.ziggeo.androidsdk.widgets.cameraview.CameraView.QUALITY_HIGH, com.ziggeo.androidsdk.widgets.cameraview.CameraView.QUALITY_MEDIUM, com.ziggeo.androidsdk.widgets.cameraview.CameraView.QUALITY_LOW}" />
    </annotation>
  </item>
  <item name="com.ziggeo.androidsdk.widgets.cameraview.CameraView.Facing">
    <annotation name="android.support.annotation.IntDef">
      <val name="value" val="{com.ziggeo.androidsdk.widgets.cameraview.CameraView.FACING_BACK, com.ziggeo.androidsdk.widgets.cameraview.CameraView.FACING_FRONT}" />
    </annotation>
  </item>
  <item name="com.ziggeo.androidsdk.widgets.cameraview.CameraView.Flash">
    <annotation name="android.support.annotation.IntDef">
      <val name="value" val="{com.ziggeo.androidsdk.widgets.cameraview.CameraView.FLASH_OFF, com.ziggeo.androidsdk.widgets.cameraview.CameraView.FLASH_ON, com.ziggeo.androidsdk.widgets.cameraview.CameraView.FLASH_TORCH, com.ziggeo.androidsdk.widgets.cameraview.CameraView.FLASH_AUTO, com.ziggeo.androidsdk.widgets.cameraview.CameraView.FLASH_RED_EYE}" />
    </annotation>
  </item>
  <item name="com.ziggeo.androidsdk.widgets.cameraview.CameraView.Quality">
    <annotation name="android.support.annotation.IntDef">
      <val name="value" val="{com.ziggeo.androidsdk.widgets.cameraview.CameraView.QUALITY_HIGH, com.ziggeo.androidsdk.widgets.cameraview.CameraView.QUALITY_MEDIUM, com.ziggeo.androidsdk.widgets.cameraview.CameraView.QUALITY_LOW}" />
    </annotation>
  </item>
  <item name="com.ziggeo.androidsdk.widgets.cameraview.CameraView.SavedState facing">
    <annotation name="android.support.annotation.IntDef">
      <val name="value" val="{com.ziggeo.androidsdk.widgets.cameraview.CameraView.FACING_BACK, com.ziggeo.androidsdk.widgets.cameraview.CameraView.FACING_FRONT}" />
    </annotation>
  </item>
  <item name="com.ziggeo.androidsdk.widgets.cameraview.CameraView.SavedState flash">
    <annotation name="android.support.annotation.IntDef">
      <val name="value" val="{com.ziggeo.androidsdk.widgets.cameraview.CameraView.FLASH_OFF, com.ziggeo.androidsdk.widgets.cameraview.CameraView.FLASH_ON, com.ziggeo.androidsdk.widgets.cameraview.CameraView.FLASH_TORCH, com.ziggeo.androidsdk.widgets.cameraview.CameraView.FLASH_AUTO, com.ziggeo.androidsdk.widgets.cameraview.CameraView.FLASH_RED_EYE}" />
    </annotation>
  </item>
  <item name="com.ziggeo.androidsdk.widgets.cameraview.CameraViewImpl com.ziggeo.androidsdk.widgets.cameraview.Size chooseVideoSize(com.ziggeo.androidsdk.widgets.cameraview.SizeMap, com.ziggeo.androidsdk.widgets.cameraview.AspectRatio, int) 2">
    <annotation name="android.support.annotation.IntDef">
      <val name="value" val="{com.ziggeo.androidsdk.widgets.cameraview.CameraView.QUALITY_HIGH, com.ziggeo.androidsdk.widgets.cameraview.CameraView.QUALITY_MEDIUM, com.ziggeo.androidsdk.widgets.cameraview.CameraView.QUALITY_LOW}" />
    </annotation>
  </item>
  <item name="com.ziggeo.androidsdk.widgets.cameraview.CameraViewImpl int getFacing()">
    <annotation name="android.support.annotation.IntDef">
      <val name="value" val="{com.ziggeo.androidsdk.widgets.cameraview.CameraView.FACING_BACK, com.ziggeo.androidsdk.widgets.cameraview.CameraView.FACING_FRONT}" />
    </annotation>
  </item>
  <item name="com.ziggeo.androidsdk.widgets.cameraview.CameraViewImpl int getFlash()">
    <annotation name="android.support.annotation.IntDef">
      <val name="value" val="{com.ziggeo.androidsdk.widgets.cameraview.CameraView.FLASH_OFF, com.ziggeo.androidsdk.widgets.cameraview.CameraView.FLASH_ON, com.ziggeo.androidsdk.widgets.cameraview.CameraView.FLASH_TORCH, com.ziggeo.androidsdk.widgets.cameraview.CameraView.FLASH_AUTO, com.ziggeo.androidsdk.widgets.cameraview.CameraView.FLASH_RED_EYE}" />
    </annotation>
  </item>
  <item name="com.ziggeo.androidsdk.widgets.cameraview.CameraViewImpl int getQuality()">
    <annotation name="android.support.annotation.IntDef">
      <val name="value" val="{com.ziggeo.androidsdk.widgets.cameraview.CameraView.QUALITY_HIGH, com.ziggeo.androidsdk.widgets.cameraview.CameraView.QUALITY_MEDIUM, com.ziggeo.androidsdk.widgets.cameraview.CameraView.QUALITY_LOW}" />
    </annotation>
  </item>
  <item name="com.ziggeo.androidsdk.widgets.cameraview.CameraViewImpl mQuality">
    <annotation name="android.support.annotation.IntDef">
      <val name="value" val="{com.ziggeo.androidsdk.widgets.cameraview.CameraView.QUALITY_HIGH, com.ziggeo.androidsdk.widgets.cameraview.CameraView.QUALITY_MEDIUM, com.ziggeo.androidsdk.widgets.cameraview.CameraView.QUALITY_LOW}" />
    </annotation>
  </item>
  <item name="com.ziggeo.androidsdk.widgets.cameraview.CameraViewImpl void setFacing(int) 0">
    <annotation name="android.support.annotation.IntDef">
      <val name="value" val="{com.ziggeo.androidsdk.widgets.cameraview.CameraView.FACING_BACK, com.ziggeo.androidsdk.widgets.cameraview.CameraView.FACING_FRONT}" />
    </annotation>
  </item>
  <item name="com.ziggeo.androidsdk.widgets.cameraview.CameraViewImpl void setFlash(int) 0">
    <annotation name="android.support.annotation.IntDef">
      <val name="value" val="{com.ziggeo.androidsdk.widgets.cameraview.CameraView.FLASH_OFF, com.ziggeo.androidsdk.widgets.cameraview.CameraView.FLASH_ON, com.ziggeo.androidsdk.widgets.cameraview.CameraView.FLASH_TORCH, com.ziggeo.androidsdk.widgets.cameraview.CameraView.FLASH_AUTO, com.ziggeo.androidsdk.widgets.cameraview.CameraView.FLASH_RED_EYE}" />
    </annotation>
  </item>
  <item name="com.ziggeo.androidsdk.widgets.cameraview.CameraViewImpl void setQuality(int) 0">
    <annotation name="android.support.annotation.IntDef">
      <val name="value" val="{com.ziggeo.androidsdk.widgets.cameraview.CameraView.QUALITY_HIGH, com.ziggeo.androidsdk.widgets.cameraview.CameraView.QUALITY_MEDIUM, com.ziggeo.androidsdk.widgets.cameraview.CameraView.QUALITY_LOW}" />
    </annotation>
  </item>
</root>

