<?xml version="1.0" encoding="UTF-8"?>
<root>
  <item name="com.ziggeo.androidsdk.ui.fragments.BaseRecorderFragment mQuality">
    <annotation name="android.support.annotation.IntDef">
      <val name="value" val="{com.ziggeo.androidsdk.widgets.cameraview.CameraView.QUALITY_HIGH, com.ziggeo.androidsdk.widgets.cameraview.CameraView.QUALITY_MEDIUM, com.ziggeo.androidsdk.widgets.cameraview.CameraView.QUALITY_LOW}" />
    </annotation>
  </item>
  <item name="com.ziggeo.androidsdk.ui.fragments.BaseRecorderFragment mSelectedCameraFacing">
    <annotation name="android.support.annotation.IntDef">
      <val name="value" val="{com.ziggeo.androidsdk.widgets.cameraview.CameraView.FACING_BACK, com.ziggeo.androidsdk.widgets.cameraview.CameraView.FACING_FRONT}" />
    </annotation>
  </item>
</root>

